uid,name,description
0b83ad557c8a47df81d2845dc11d6439,Bus,Bus
3d2fbeed83494547a0a38db053eb4ff3,Cabin,Cabin
5fd2c9bf3e834e839b26649db7afe4c1,Hat,Hat
7e8a9fbec4fa4b1f98b90a0b0f4434ea,House,House
bcd03f021ca1465c974862ec401c324a,Car,Car
9c7c1d46cd5744288dcdb39ec7ea5c8c,House,House
9d553f50adbb48aab46f3c9388076b41,Shelf,Shelf
ed42b058fda84754b4a4ce96b17bc91c,Tea Cup Low Poly Free,tea cup
bf1169aeea4c4c38918b1b3ad241fafa,Rack,Rack
d64d0e681bed4f4892bcd603f0bd506d,Piano,Piano
b752f12008f4423099351ce7b972f9ef,Tent,Tent
a4f07e22f8364317b3c83291395687d6,Igloo,Igloo
232d2be5c3b14f5fb4846fa891728b76,Tent,Tent
9176a3219f494f779ca8ea08407c4c64,Cable Car,Cable Car
b7f020e019e84602a9b29b56c3f94c2a,Carriage,Carriage
e30380ec13d740719b7de6e3113add72,GTR Interceptor,Car

84670ba2c265404a9220eb35f092e2d1,House,House
3fc3008b7fee4e0dadd048dabfdf67d5,Bus,Bus
7ff84e7e989141a6869c7afc12a5e398,Top Hat,Top Hat
8f8a3e5c82134af0b6f52b7175b7aa92,Phone Booth,Phone Booth
35bf247a88ce49c2a2be1af65279e374,Laytonmobile,Car
d53b232eab0048b48835c2caef28f44e,Car,Car
a3bd286b94bb4e0b89be9c4c516fc93f,Rack,Rack
fc154d315f38463d9a4804bf7ab81f35,Piano,Piano
232d2be5c3b14f5fb4846fa891728b76,Tent,Tent
57032e4174cb429d8b54555a684ef637,Igloo from Google,Igloo
1407f16a313a4e7db0cb35831773f510,Tent,Tent
ec40bbe71e9442899f3f22b6fea0e010,Cabin,Cabin
f2ddc3ff108f4fbfb71bea165d9a964d,Shelf,Shelf
b515c85489cf42148b5bd8ab4c1a3e44,Shelf,Shelf
b8478cea51454555b90de0fe6ba7ba83,taza_cup,cup
78996f6b47924e868903c0e74b1acb88,Lowpoly Car,Car
48d41b9edeb44def903b6930333c7699,Toyota Supra,Car
ed1d4a96ee404090894c9af7e775c168,Car,Car
933d5bcd4d20405982b6cee8c2b3a8e6,Car,Car
8c5b991b4c0a4bfcb13e0eea894343b1,Datzsun 240z,Car

fa5718c649064d9195b3005ca4eefeff,Hat,Hat
a6cf0247fc5a4ff5bf544b61f01e3e44,Hat3,Cap
1656d70baf7f431da59b6b622b1f83d5,Hat,Hat
b2c21f7c7c0c46f28b98967dd55a8865,Trophy,Trophy
bd149c9a899d46bfa97326934dfa769c,Car,Car
fabf0ddb0a3643e5b4a283c4a99b068a,Home,Home
c219be26efee4777a71cee33b81ab4e8,Shelf,Shelf
642137c3c07b40bd9d807fb05ec2e69c,Shelf,Shelf